{"PEGAR_ID": [0.8118668596237337, 0.30570652173913043], "INICIO_LISTA": [0.48842257597684513, 0.3736413043478261]}